<?xml version="1.0" encoding="utf-8"?>
<rss version="2.0" xmlns:atom="http://www.w3.org/2005/Atom" xmlns:content="http://purl.org/rss/1.0/modules/content/">
 <channel>
  <title>
   Hemanta Sharma's Blog
  </title>
  <link>
   https://hemanta212.github.io/feed.xml
  </link>
  <description>
   Blog about programming
  </description>
  <atom:link href="https://hemanta212.github.io/feed.xml" rel="self"/>
  <docs>
   http://www.rssboard.org/rss-specification
  </docs>
  <generator>
   python-feedgen
  </generator>
  <image>
   <url>
    https://github.com/hemanta212.png
   </url>
   <title>
    Hemanta Sharma's Blog
   </title>
   <link>
    https://hemanta212.github.io/feed.xml
   </link>
  </image>
  <lastBuildDate>
   Fri, 11 Oct 2019 04:26:46 +0000
  </lastBuildDate>
  <item>
   <title>
    Data representation in matplotlib P.1 graphs
   </title>
   <description>
    ## What are we going to do?
 
 * [Get a large dataset from html table](#Make-a-dataframe-from-html) 
 * [Clean the data for use](#Cleaning-the-dataframe)
 * [Plot relevant table for visualization](#Preparing-Tables-to-plot)
 * [Styling the graphs](#Styling-graphs)
     * [Adding details](#Adding-details)
     * [Adding a grid](#Adding-a-grid)
     * [Keeping interval of 1 year and rotating markers](#Keeping-interval-of-1-year-and-rotating-markers)
     * [Resizing the plot](#Resizing-the-plot)
     * [Choosing other prebuilt graph styles](#Choosing-other-prebuilt-graph-styles)
     * [Changing line styles and size](#Changing-line-styles-and-size)
 * [Final result](#Final-Result)
 
 
 ## Importing libraries
 For this operation we need pandas for parsing and making data tables from html and matplotlib library to plot the information. We also need numpy to manupulate the plots for styling.
   </description>
   <link>
    https://hemanta212.github.io/blog/Data Science/matplotlib_p1_graph.html
   </link>
   <guid isPermaLink="false">
    hemanta212-2019-10-11 04:58:43.835780+00:00
   </guid>
   <lastBuildDate>
    2019-10-11 05:05:26.901420+00:00
   </lastBuildDate>
  </item>
 </channel>
</rss>